File Type,Rigid Body Asset
Version,1
Name,51-K
ID,16411314003364811245
Color,238,128,255
Units,mm
Point,Point 1,-18.399864,14.131337,31.852425,None
Point,Point 2,-9.543837,-11.246353,-26.690617,None
Point,Point 3,2.585977,-27.641922,8.323490,None
Point,Point 4,3.293127,27.274578,-15.851110,None
Point,Point 5,22.064686,-2.517745,2.365857,None
