File Type,Rigid Body Asset
Version,1
Name,Tracker_Transparent_1
ID,4553325013288423917
Color,166,248,255
Units,mm
Point,Point 1,-1.477987,27.913689,-1.987457,None
Point,Point 2,19.574165,-7.063359,-8.751780,None
Point,Point 3,-2.878994,1.969457,33.219547,None
Point,Point 4,-7.260412,-16.485601,5.320400,None
Point,Point 5,-7.956743,-6.334215,-27.800650,None
