File Type,Rigid Body Asset
Version,1
Name,Tracker_Transparent_2
ID,6866967661636817389
Color,191,255,128
Units,mm
Point,Point 1,-6.605357,15.595108,28.625935,None
Point,Point 2,-4.183263,-12.138933,-26.881664,None
Point,Point 3,-7.939458,-19.257545,11.635155,None
Point,Point 4,21.185875,-4.286647,-5.398244,None
Point,Point 5,-2.457947,20.088106,-7.981152,None
